"method","variant","n","module","r_median_us","rust_median_us","speedup","outputs_agree","max_abs_diff","max_rel_diff","n_outputs_compared","mismatch_details"
"DiD","canonical",200,"causal",1780.660532,21.8695,81.4220961613206,TRUE,0.000460570525214102,0.00552481317132218,2,""
"DiD","canonical",500,"causal",1912.606996,46.255,41.3491945951789,TRUE,1.98216425584818e-05,0.00038232505658177,2,""
"DiD","canonical",1000,"causal",2407.393011,87.2665,27.5866800089381,TRUE,9.84803088500963e-07,2.62495159128119e-05,2,""
"ETWFE","Wooldridge",200,"causal",22529.536102,1.4165,15905.0731394282,NA,NA,NA,0,"no outputs to compare"
"ETWFE","Wooldridge",500,"causal",17981.847574,2.9365,6123.56464294228,NA,NA,NA,0,"no outputs to compare"
"GSynth","gsynth",200,"causal",24452.230078,0.463,52812.5919611231,NA,NA,NA,0,"no outputs to compare"
"GSynth","gsynth",500,"causal",44828.444079,0.4885,91767.5416151484,NA,NA,NA,0,"no outputs to compare"
"IV_2SLS","2sls",200,"causal",6147.7985,18.2745,336.414046895948,TRUE,4.72600428347292e-07,6.3964893244685e-06,6,""
"IV_2SLS","2sls",500,"causal",6406.207453,33.8575,189.210882463265,TRUE,4.67899836931185e-07,1.62270902994343e-05,6,""
"IV_2SLS","2sls",1000,"causal",3545.082058,60.3335,58.7581038394922,TRUE,4.0739639434878e-07,1.28051671962527e-05,6,""
"Hurdle","Poisson",200,"discrete",9712.465398,181.9395,53.3829399223368,TRUE,2.23354796907715e-06,6.76097206093115e-06,7,""
"Hurdle","Poisson",500,"discrete",6658.584985,605.7645,10.9920356590721,TRUE,6.78594573133573e-06,3.6635016973364e-05,7,""
"Hurdle","Poisson",1000,"discrete",11058.225064,1288.228,8.58405892745694,TRUE,1.3214962832353e-06,1.29319730219604e-05,7,""
"Logit","MLE",100,"discrete",2508.345002,48.809,51.3910344813457,TRUE,3.76657413370118e-07,2.05789987089613e-06,7,""
"Logit","MLE",500,"discrete",3640.722018,368.4985,9.87988287062227,TRUE,4.32063994734722e-07,4.1744103526924e-06,7,""
"Logit","MLE",1000,"discrete",5269.452056,462.083,11.403691665783,TRUE,4.42765889480112e-07,6.78682826959506e-06,7,""
"Multinomial_Logit","MLE",200,"discrete",1997.066604,579.3225,3.44724502155535,TRUE,1.91296218419149,11.0540750346365,8,""
"Multinomial_Logit","MLE",500,"discrete",2726.570528,843.6405,3.23191042630125,TRUE,2.00726362797213,26.5532156882823,8,""
"Multinomial_Logit","MLE",1000,"discrete",8120.366489,1505.3645,5.39428589487795,TRUE,2.1802518700451,67.3441665128075,8,""
"NegBin","MLE",200,"discrete",15456.926019,1105.8895,13.9769172408274,TRUE,2.88587800922946,0.297709562372115,8,""
"NegBin","MLE",500,"discrete",8269.961516,2267,3.64797596647552,TRUE,10104.216729517,0.997698065144735,8,""
"NegBin","MLE",1000,"discrete",10738.005454,495.297,21.6799323517001,TRUE,12047.8005352558,0.997983689778267,8,""
"Ordered_Logit","MLE",200,"discrete",5804.560613,3412.9935,1.70072419212049,TRUE,290.535113555528,7.45609867607832,5,""
"Ordered_Logit","MLE",500,"discrete",7772.333978,5324.087,1.45984353336074,TRUE,822.459727283391,5.45506702347292,5,""
"Ordered_Logit","MLE",1000,"discrete",14040.694106,8646.947,1.6237747387604,TRUE,1555.82143937372,5.67017492420449,5,""
"Poisson","GLM",200,"discrete",1155.624981,216.3975,5.34028803937199,TRUE,2.8796415284171,0.786752581596011,5,""
"Poisson","GLM",500,"discrete",1390.810939,605.995,2.29508649246281,TRUE,1.25680722649452,0.624788234915625,5,""
"Poisson","GLM",1000,"discrete",1898.51044,878.1905,2.16184351800663,TRUE,3.22957899681273,0.614873350423732,5,""
"Probit","MLE",100,"discrete",1947.559475,69.017,28.2185472419839,TRUE,4.81409074215566e-07,4.07998448211103e-06,7,""
"Probit","MLE",500,"discrete",4946.211469,389.108,12.7116673751246,TRUE,4.74107745951358e-07,5.60141716367223e-06,7,""
"Probit","MLE",1000,"discrete",3028.302046,744.5185,4.06746379841468,TRUE,7.45712409759569e-07,1.69468538454098e-05,7,""
"ZINB","EM",200,"discrete",103760.373604,235.1545,441.24341062578,TRUE,33093.865621,0.996987395166873,5,""
"ZINB","EM",500,"discrete",30893.802992,497.285,62.1249444322672,TRUE,8.38497995146665,0.487665065799269,5,""
"ZINB","EM",1000,"discrete",81490.115612,1994.3625,40.8602325866035,TRUE,71882.955314,0.998610782239159,5,""
"ZIP","EM",200,"discrete",10837.568145,219.0525,49.4747521484576,TRUE,0.495953700364907,0.142045774809061,5,""
"ZIP","EM",500,"discrete",14595.08593,455.653,32.0311419654869,TRUE,0.343510989492188,0.104673392549245,5,""
"ZIP","EM",1000,"discrete",30772.685132,1020.221,30.1627638835115,TRUE,0.263895574294111,0.0849848169320095,5,""
"DBSCAN","eps=1.5",100,"ml",516.5615,61.743,8.36631682943815,TRUE,0,0,2,""
"DBSCAN","eps=1.5",1000,"ml",18253.117974,5692.0195,3.20679118790791,TRUE,0,0,2,""
"DBSCAN","eps=1.5",5000,"ml",305585.295893,104955.901,2.9115589784037,TRUE,0,0,2,""
"factanal","varimax",100,"ml",6434.602954,1740.221,3.69757803980069,TRUE,1.06693279716338,528.5591522145,40,""
"factanal","varimax",500,"ml",5118.153058,2200.715,2.32567736303883,TRUE,1.02099896550135,72.0200038364227,40,""
"factanal","varimax",1000,"ml",9061.231511,2120.268,4.2736255562976,TRUE,1.0170482801934,3773.9806961317,40,""
"Hierarchical","Ward",100,"ml",558.748026,228.2815,2.44762727597287,TRUE,0,0,1,""
"Hierarchical","Ward",500,"ml",9502.131026,11194.675,0.848808118681427,TRUE,0,0,1,""
"Hierarchical","Ward",1000,"ml",46589.234495,25251.9975,1.84497224407693,TRUE,0,0,1,""
"K_Medoids","PAM",100,"ml",510.87304,244.1155,2.09275134106601,TRUE,69.4044760105227,99.0000442340796,3,""
"K_Medoids","PAM",500,"ml",16730.818956,7585.4025,2.20566001026313,TRUE,345.88222205672,498.999816860568,3,""
"K_Medoids","PAM",1000,"ml",44314.447499,38184.219,1.16054350879875,TRUE,669.372724481413,998.999652979605,3,""
"K-Means","k=3",100,"ml",1527.342596,40.8445,37.3940823366671,TRUE,0.01,0.0303030303030303,3,""
"K-Means","k=3",1000,"ml",4589.168064,386.7905,11.8647383118251,TRUE,0,0,3,""
"K-Means","k=3",5000,"ml",25037.419982,2199.883,11.3812507219702,TRUE,0,0,3,""
"MDS","classical",100,"ml",2554.802515,2938.3975,0.869454359051149,TRUE,1.21640704286996e-07,1.22555705181884e-07,3,""
"MDS","classical",500,"ml",152060.242428,304334.4485,0.499648472847792,TRUE,4.41857504362986e-07,4.45349489711816e-07,3,""
"PCA","k=3",100,"ml",369.797577,10.307,35.8782940719899,TRUE,3.10236672376295e-06,0.00104456792045891,6,""
"PCA","k=3",1000,"ml",310.338044,34.2135,9.07063130051004,TRUE,4.73134955141386e-06,0.00165431802496988,6,""
"PCA","k=3",5000,"ml",1820.33953,250.737,7.25995577038889,TRUE,3.50804866411369e-06,0.000816676996451384,6,""
"Silhouette","from_kmeans",100,"ml",158.033043,39.4945,4.00139368772867,TRUE,4.86883730776988e-07,5.61850291466823e-07,2,""
"Silhouette","from_kmeans",500,"ml",2759.24505,1019.479,2.70652465622146,TRUE,1.09313522345111e-07,1.26221672738465e-07,2,""
"Silhouette","from_kmeans",1000,"ml",11568.770045,4581.3205,2.52520426043103,TRUE,1.61744754145765e-07,1.8646970463136e-07,2,""
"SVM","linear",200,"ml",1706.555602,377.476,4.52096451694942,TRUE,0,0,1,""
"SVM","linear",500,"ml",1852.371497,2281.8845,0.811772680431459,TRUE,0,0,1,""
"SVM","linear",1000,"ml",3141.626599,7779.0785,0.403855880744744,TRUE,0,0,1,""
"Arellano_Bond","pgmm",100,"panel",29839.234601,19544.5185,1.52673163071272,TRUE,0.142345950831102,1.55255440727602,6,""
"Arellano_Bond","pgmm",1000,"panel",328707.15746,197734.2195,1.66236859907802,TRUE,0.0598110696655331,23.2185829446945,6,""
"FEGLM_Gaussian","fixest",100,"panel",25784.137426,27.022,954.190564206943,TRUE,0.0314766499473059,0.996252549493232,4,""
"FEGLM_Gaussian","fixest",500,"panel",15153.919987,99.416,152.429387492959,TRUE,0.0331893438159998,0.955837953973857,4,""
"FEGLM_Gaussian","fixest",1000,"panel",25925.351016,186.753,138.821604022425,TRUE,0.0234726315109761,1.03859737318124,4,""
"FixedEffects","within",100,"panel",8336.032042,28.9915,287.533657865236,TRUE,4.93326868231114e-07,1.87555361833675e-05,5,""
"FixedEffects","within",1000,"panel",10953.683523,178.206,61.4664125955355,TRUE,2.82254984385055e-07,1.38501565468635e-05,5,""
"FixedEffects","within",5000,"panel",22259.637073,722.401,30.8134084435099,TRUE,4.46335637743593e-07,0.000125763775075681,5,""
"Hausman","phtest",100,"panel",38477.221096,122.5165,314.057462431591,TRUE,10.102418670766,11.3973644216218,2,""
"Hausman","phtest",1000,"panel",54871.885048,598.6355,91.6615954917475,TRUE,2.62887691401743,18.3479568814511,2,""
"Hausman","phtest",5000,"panel",97004.269017,3509.961,27.6368509556089,TRUE,0.007976,1,2,""
"HDFE","2-way",100,"panel",12771.204929,63.847,200.028269597632,TRUE,4.55710969848866e-07,1.48244544876889e-05,4,""
"HDFE","2-way",1000,"panel",15930.123103,286.9605,55.5132957427939,TRUE,4.40941174573162e-07,5.10067349592599e-05,4,""
"HDFE","2-way",5000,"panel",16823.243001,2354.6425,7.14471220195847,TRUE,4.92431068106064e-07,0.000138090596776799,4,""
"Panel_GLS","pggls",100,"panel",10736.377037,0.489,21955.7812617587,NA,NA,NA,0,"no outputs to compare"
"Panel_GLS","pggls",1000,"panel",21843.710507,2.7735,7875.8646140256,NA,NA,NA,0,"no outputs to compare"
"Panel_GLS","pggls",5000,"panel",47239.183972,12.3915,3812.22482927813,NA,NA,NA,0,"no outputs to compare"
"PMG","pmg",100,"panel",10068.923468,51.721,194.677664159626,TRUE,4.18596061035892e-07,8.16369794103383e-07,3,""
"PMG","pmg",1000,"panel",12946.402014,313.8025,41.2565292309653,TRUE,3.64532154240038e-07,1.34826148506516e-07,3,""
"PVCM","random",100,"panel",42538.555455,343.969,123.669736095404,TRUE,0.00860111018253862,0.0329144685670608,3,""
"PVCM","random",1000,"panel",139653.939579,1037.9265,134.550895057598,TRUE,0.00322446834422663,0.00631978555093436,3,""
"RandomEffects","GLS",100,"panel",22210.402065,71.709,309.729630381124,TRUE,0.357286010588328,0.44126598844528,7,""
"RandomEffects","GLS",1000,"panel",41174.232436,225.6705,182.45287902495,TRUE,0.796896952960912,0.939473299900396,7,""
"RandomEffects","GLS",5000,"panel",51147.938531,2516.315,20.3265245134254,TRUE,0.822394323271429,0.975986256432462,7,""
"GLS","AR1",100,"regression",7659.859548,789.858,9.69776788739242,TRUE,0.229122722509162,12.9389384746534,4,""
"GLS","AR1",500,"regression",66734.032065,54655.0375,1.22100423158616,TRUE,0.0112947260320213,1.08532408750294,4,""
"GLS","AR1",1000,"regression",311119.290476,812182.988,0.383065509956237,TRUE,0.0783440377339942,18.5561434708655,4,""
"LOESS","span=0.75",100,"regression",1199.37741,42.3495,28.320934367584,TRUE,0.0025736743268171,0.00503834901112747,2,""
"LOESS","span=0.75",500,"regression",3229.644964,838.722,3.85067395871338,TRUE,0.000167099396745196,0.000241826770863164,2,""
"LOESS","span=0.75",1000,"regression",9071.460401,1749.3855,5.18551251339399,TRUE,8.82324270362611e-05,0.000119613996250573,2,""
"NLS","exp_decay",100,"regression",1164.981513,126.3105,9.22315653092973,TRUE,0.0454680021527669,0.0257293329133093,2,""
"NLS","exp_decay",500,"regression",2670.13046,3158.961,0.845255911674756,TRUE,0.00784810949240855,0.0101982536384516,2,""
"NLS","exp_decay",1000,"regression",3367.176978,38447.8655,0.0875777350500771,TRUE,0.0026339999999978,0.00706637761265659,2,""
"OLS","HC1",100,"regression",5646.149861,67.5575,83.5754706879325,TRUE,4.84276804657569e-07,2.98310683201178e-05,12,""
"OLS","HC1",1000,"regression",6652.243028,336.238,19.7843284459222,TRUE,4.09986229561385e-07,5.45832775321431e-05,12,""
"OLS","HC1",10000,"regression",37579.394586,1753.298,21.433546713679,TRUE,3.89788110899403e-07,0.000117268954468683,12,""
"OLS_Bootstrap","pairs",200,"regression",174685.987993,2428.667,71.9266939407502,TRUE,0.0493542127575807,0.197367881211296,12,""
"OLS_Bootstrap","pairs",500,"regression",235842.438997,5202.1105,45.3359149131876,TRUE,0.0260479483794056,0.117524485317263,12,""
"OLS_Bootstrap","pairs",1000,"regression",374008.015089,9930.1715,37.6638021900226,TRUE,0.000676303877849491,0.0810915920682842,12,""
"OLS_Clustered","entity",100,"regression",5466.877599,133.179,41.0490963214921,TRUE,0.3127232743213,0.551880569760118,6,""
"OLS_Clustered","entity",500,"regression",4702.469974,289.716,16.2313091924505,TRUE,0.213119003428268,0.724327424074544,6,""
"OLS_Clustered","entity",1000,"regression",2710.168483,546.3475,4.96052143187257,TRUE,0.349101142301651,0.709503252407651,6,""
"OLS_HAC","Newey-West",100,"regression",15545.625007,22.3175,696.566596034502,TRUE,0.00609178111016331,0.256668960569786,12,""
"OLS_HAC","Newey-West",1000,"regression",112158.955541,210.363,533.16864439564,TRUE,0.00053572667305837,0.0685686257594227,12,""
"OLS_HAC","Newey-West",10000,"regression",1829212.007055,7376.1595,247.989757685554,TRUE,4.95756303241271e-05,0.0196963171728753,12,""
"OLS_HC0","robust",100,"regression",6035.310042,73.6095,81.9909120697736,TRUE,4.84276804657569e-07,1.49951904936994e-05,12,""
"OLS_HC0","robust",1000,"regression",10117.963539,275.173,36.7694633521457,TRUE,4.17765983203901e-07,9.10165540749239e-05,12,""
"OLS_HC0","robust",10000,"regression",41603.529069,1686.94,24.6621273246233,TRUE,4.77211424283926e-07,0.000318801065126503,12,""
"OLS_HC2","robust",100,"regression",5904.903985,120.4995,49.003555906871,TRUE,4.84276804657569e-07,2.02072859368459e-05,12,""
"OLS_HC2","robust",1000,"regression",10285.56854,348.86,29.483370234478,TRUE,4.44165899051926e-07,5.67914459854145e-05,12,""
"OLS_HC2","robust",10000,"regression",46092.730598,1967.491,23.4271621054429,TRUE,4.00489260691649e-07,0.000159050540385881,12,""
"OLS_HC3","robust",100,"regression",5917.903502,130.9955,45.1763877537778,TRUE,4.84276804657569e-07,2.64584883152735e-05,12,""
"OLS_HC3","robust",1000,"regression",5567.883956,310.826,17.91318601404,TRUE,4.97728156039282e-07,6.20144724693847e-05,12,""
"OLS_HC3","robust",10000,"regression",47691.317392,1889.1905,25.2443135787524,TRUE,4.09403527767884e-07,0.000282152672479589,12,""
"Quantile_Regression","median",200,"regression",968.80534,441.225,2.19571724177007,TRUE,0.102850488223167,0.0970889392983833,4,""
"Quantile_Regression","median",500,"regression",1891.910564,1397.263,1.35401178160447,TRUE,0.0261397608668144,0.0980706868267968,4,""
"Quantile_Regression","median",1000,"regression",1816.535019,5926.2865,0.306521633572727,TRUE,0.0763095712446419,0.29477267589364,4,""
"Sensemakr","sensitivity",200,"regression",6656.620535,71.3845,93.2502228775154,TRUE,0.00468292486539712,0.00840144756482767,2,""
"Sensemakr","sensitivity",500,"regression",6014.296494,96.6825,62.2066712590179,TRUE,0.005182866876001,0.0101754328076336,2,""
"Sensemakr","sensitivity",1000,"regression",6534.723041,143.1025,45.6646322810573,TRUE,0.00310931839692252,0.00571864428658072,2,""
"Smooth_Spline","GCV",100,"regression",644.81952,323.018,1.99623401791851,TRUE,1.66987160179454,12.4498991257566,2,""
"Smooth_Spline","GCV",500,"regression",1268.609427,1220.032,1.03981651874705,TRUE,3.82500123750267,1.60879543426219,2,""
"Smooth_Spline","GCV",1000,"regression",1424.548507,3385.3555,0.420797315673347,TRUE,17.856441204588,3.69784629064569,2,""
"Stepwise","both_AIC",200,"regression",2796.84196,189.855,14.7314632746043,TRUE,8.09810614443177,0.0454178549943765,2,""
"Stepwise","both_AIC",500,"regression",2877.128543,342.975,8.38874128726583,TRUE,0.754251905499359,0.00148178171517487,2,""
"Stepwise","both_AIC",1000,"regression",3012.676549,492.677,6.11491210062576,TRUE,4.01807189471651,0.00400333525733409,2,""
"ACF","correlation",100,"stats",147.927902,4.95,29.8844246464646,TRUE,0.00356821246382832,0.00421798953346982,2,""
"ACF","correlation",500,"stats",186.730525,34.761,5.37183984925635,TRUE,0.00048858540830532,0.000527018211369436,2,""
"ACF","correlation",1000,"stats",284.10001,71.7405,3.96010635554533,TRUE,2.54538811137461e-05,2.62746214644306e-05,2,""
"ANOVA","one_way",50,"stats",1147.058036,8.007,143.25690470838,TRUE,19.3614195923091,0.998410162580754,2,""
"ANOVA","one_way",200,"stats",1017.976436,28.232,36.0575388211958,TRUE,57.7074362080065,0.34525701301488,2,""
"ANOVA","one_way",1000,"stats",979.789533,134.6415,7.27702478804826,TRUE,100.340940186873,0.104436623088477,2,""
"ANOVA_TwoWay","full",100,"stats",1092.119026,43.857,24.9018178625989,NA,NA,NA,0,"no common output keys"
"ANOVA_TwoWay","full",500,"stats",1099.419431,197.9385,5.55434860322777,NA,NA,NA,0,"no common output keys"
"ANOVA_TwoWay","full",1000,"stats",1211.169467,389.0675,3.11300601309541,NA,NA,NA,0,"no common output keys"
"Ansari","test",50,"stats",189.348066,2.336,81.0565351027397,TRUE,33,0.423945848672594,2,""
"Ansari","two_sample",100,"stats",142.269535,4.995,28.4823893893894,TRUE,3606,2.67309117865085,2,""
"Ansari","test",200,"stats",264.437112,10.3655,25.5112741305292,TRUE,528,0.0965141983197617,2,""
"Ansari","two_sample",500,"stats",232.468941,26.9945,8.61171501602178,TRUE,92879,11639.171903648,2,""
"Ansari","test",1000,"stats",460.220035,62.965,7.30914055427619,TRUE,6015,0.700924304639004,2,""
"Bartlett","test",50,"stats",197.027635,0.4165,473.055546218487,TRUE,1.14992267604807,0.437273455004393,2,""
"Bartlett","two_group",100,"stats",62.119507,0.596,104.227360738255,TRUE,79.8455040258906,47.6304551579742,2,""
"Bartlett","test",200,"stats",205.16041,1.001,204.955454545455,TRUE,5.69200109740487,0.0404702199062939,2,""
"Bartlett","two_group",500,"stats",64.971566,2.185,29.7352704805492,TRUE,347.391082563098,8.93730186898078,2,""
"Bartlett","test",1000,"stats",247.518532,4.094,60.458850024426,TRUE,55.7283403077632,0.0840026376735943,2,""
"Binom_Test","exact",50,"stats",36.277925,5.6675,6.40104543449493,TRUE,3.3765459539481e-08,5.02603552777209e-08,2,""
"Binom_Test","default",100,"stats",53.481024,5.776,9.25918005540166,TRUE,0.115916382673191,0.239438282966532,2,""
"Binom_Test","exact",200,"stats",41.288557,7.285,5.66761249142073,TRUE,3.95332367952861e-08,2.20900498397924e-07,2,""
"Binom_Test","default",500,"stats",68.272522,12.814,5.32796332136725,TRUE,0.076,1474905.82387575,2,""
"Binom_Test","exact",1000,"stats",61.682018,19.185,3.21511691425593,TRUE,4.63915025351739e-07,0.000268004058550976,2,""
"Box_Ljung","lag=10",100,"stats",179.989904,1.472,122.27575,TRUE,2.02436069685064e-07,5.40818498806018e-10,2,""
"Box_Ljung","lag=10",200,"stats",191.893545,2.045,93.8354743276284,TRUE,1.92766265172395e-07,3.38286378321196e-10,2,""
"Box_Ljung","lag=10",500,"stats",205.916469,3.485,59.0865047345768,TRUE,4.73952695756452e-07,3.70767877244387e-10,2,""
"Breusch_Godfrey","LM",100,"stats",3177.433508,25.4845,124.68102211148,TRUE,4.8013910394773e-07,2.89989855679877e-06,2,""
"Breusch_Godfrey","LM",1000,"stats",3050.931904,116.894,26.0999872020805,TRUE,3.35046436039654e-07,1.72380025230702e-06,2,""
"Breusch_Godfrey","LM",10000,"stats",7444.286603,1669.113,4.46002553631779,TRUE,2.97651232215222e-07,0.00135296014643283,2,""
"Breusch_Pagan","test",100,"stats",3067.71847,533.639,5.74867742050337,TRUE,2.93550957763955e-07,3.21492233574604e-08,2,""
"Breusch_Pagan","test",1000,"stats",2917.276055,2554.859,1.14185403382339,TRUE,3.56724298267164e-07,1.07598753142129e-06,2,""
"Breusch_Pagan","test",10000,"stats",14490.015979,65842.928,0.220069435232285,TRUE,3.37384750470626e-07,5.96009261121138e-07,2,""
"Cancor","canonical",100,"stats",213.400985,12.225,17.4561132924335,TRUE,0.325766898694706,1.92824111980373,2,""
"Cancor","canonical",500,"stats",262.024871,181.929,1.44025895266835,TRUE,0.31208320153831,4.62530550983006,2,""
"Cancor","canonical",1000,"stats",317.163067,117.7005,2.69466201927774,TRUE,0.120543305916078,2.1092811058125,2,""
"CCF","cross_correlation",100,"stats",653.405034,8.3805,77.9673091104349,TRUE,0.0239947059235382,0.42218928675684,2,""
"CCF","cross_correlation",200,"stats",689.428067,17.6095,39.1509166643005,TRUE,0.0112540633532283,0.0441751583970337,2,""
"CCF","cross_correlation",500,"stats",727.635459,43.6115,16.6844859498068,TRUE,0.00506448336805543,0.00764586502660916,2,""
"Changepoint","PELT",100,"stats",614.338496,41.1305,14.9363245280266,TRUE,0,0,1,""
"Changepoint","PELT",500,"stats",1375.873864,1040.656,1.32212168478344,TRUE,0,0,5,""
"Changepoint","PELT",1000,"stats",2145.472448,2456.8205,0.873271957800743,TRUE,48,0.125,9,""
"Chi_squared","gof",50,"stats",18.811494,0.268,70.1921417910448,TRUE,0.0417193277889694,0.0174833567198521,2,""
"Chi_squared","gof",200,"stats",19.025116,0.255,74.6082980392157,TRUE,0.063704408711698,0.0922344659555279,2,""
"Chi_squared","gof",1000,"stats",18.559396,0.2535,73.212607495069,TRUE,0.0164336499362079,0.113961914358286,2,""
"Cor_Test","pearson",50,"stats",57.560625,0.8045,71.5483219390926,TRUE,1.21100170276844,0.0795065651431916,3,""
"Cor_Test","pearson",200,"stats",60.884049,1.6555,36.7768341890667,TRUE,0.304245274459742,0.0106519263816951,3,""
"Cor_Test","pearson",1000,"stats",75.773976,5.599,13.5334838363994,TRUE,0.0657444031515766,0.00105757311993862,3,""
"Durbin_Watson","test",100,"stats",1961.562491,475.689,4.12362381934415,TRUE,2.79219276588805e-07,1.34940625192432e-07,1,""
"Durbin_Watson","test",1000,"stats",3345.616569,4974.0175,0.672618576231386,TRUE,9.46800873258269e-08,4.94094600794198e-08,1,""
"Durbin_Watson","test",10000,"stats",8155.031654,7602.3895,1.07269321757324,TRUE,3.00036978595486e-07,1.50043246433404e-07,1,""
"Fisher","with_ci",20,"stats",924.525491,1.3775,671.161880943739,TRUE,0.225767,0.0689526371519681,2,""
"Fisher","with_ci",100,"stats",1396.358013,7.3865,189.041902524876,TRUE,0.0464419999999999,0.0134475807268909,2,""
"Fisher","with_ci",500,"stats",1428.894466,37.6335,37.9686839119402,TRUE,0.00943499999999986,0.00270300080359479,2,""
"Fisher","with_ci",1000,"stats",1448.337571,85.5095,16.9377387424789,TRUE,0.00478200000000006,0.00136815500492389,2,""
"Fligner","test",50,"stats",718.773983,8.4395,85.1678396824456,TRUE,6.9361891471893,0.969134841537599,2,""
"Fligner","two_group",100,"stats",172.254047,16.915,10.1835085427136,TRUE,91.2193067953928,86.9262786706838,2,""
"Fligner","test",200,"stats",1154.284517,35.3095,32.6904803806341,TRUE,13.7067817613689,0.095892953254046,2,""
"Fligner","two_group",500,"stats",289.303076,93.034,3.10964890255175,TRUE,362.464725415517,13.8857428660854,2,""
"Fligner","test",1000,"stats",3109.056503,227.6865,13.6549883414256,TRUE,15.6968307263757,0.0222169911540499,2,""
"Friedman","test",30,"stats",2453.488065,0.059,41584.5434745763,NA,NA,NA,0,"no outputs to compare"
"Friedman","test",100,"stats",8378.831029,0.06,139647.183816667,NA,NA,NA,0,"no outputs to compare"
"Friedman","test",500,"stats",40400.232538,0.06,673337.208966667,NA,NA,NA,0,"no outputs to compare"
"Harvey_Collier","test",100,"stats",7784.207934,275.512,28.2536075887802,TRUE,3.28259243287388e-07,7.13388381577359e-07,2,""
"Harvey_Collier","test",1000,"stats",23808.965925,7114.182,3.34669058579047,TRUE,1.86826579205156,1.99999977738883,2,""
"Harvey_Collier","test",10000,"stats",198077.577516,702512.2135,0.281956062413711,TRUE,1.22547210678895,2.00000017428215,2,""
"Isotonic_Regression","PAVA",100,"stats",29.096089,3.99,7.29225288220551,TRUE,0.679905245387695,0.105035167799716,2,""
"Isotonic_Regression","PAVA",1000,"stats",140.093442,38.547,3.63435395750642,TRUE,6.84144115354452,0.0861010075703532,2,""
"Isotonic_Regression","PAVA",10000,"stats",2738.435578,719.643,3.80526952669588,TRUE,7.04111835567755,0.00845189745800949,2,""
"Jarque_Bera","standalone",100,"stats",61.309547,2.485,24.6718498993964,TRUE,1.23642488234257,0.855599155037126,2,""
"Jarque_Bera","standalone",1000,"stats",89.409587,23.0565,3.87784733155509,TRUE,0.501925032488025,0.00877796395824326,2,""
"Jarque_Bera","standalone",10000,"stats",742.293429,173.9705,4.26677758010697,TRUE,6.67536499942673,0.010987921670971,2,""
"Kruskal_Wallis","test",50,"stats",577.786006,1.7445,331.204359988535,TRUE,2.25767929411763,0.67659182458837,2,""
"Kruskal_Wallis","test",200,"stats",802.539114,5.648,142.092619334278,TRUE,11.7263451835209,0.0904266343797276,2,""
"Kruskal_Wallis","test",1000,"stats",2421.391022,28.124,86.0969642298393,TRUE,18.3718096703033,0.0271310666798995,2,""
"KS_test","one_sample",50,"stats",97.265991,1.384,70.2788952312139,TRUE,0.0584912955682817,2.2754831965875,2,""
"KS_test","one_sample",200,"stats",116.886979,5.0135,23.3144467936571,TRUE,0.0032079265053494,0.345958323288033,2,""
"KS_test","one_sample",1000,"stats",260.725443,26.405,9.87409365650445,TRUE,0.000867047297162526,0.00543988717500503,2,""
"Loglin","3-way",50,"stats",77.946461,5.5245,14.1092335958005,TRUE,22.0962726303134,0.839091387579506,1,""
"Loglin","default",100,"stats",143.452547,5.5005,26.0799103717844,TRUE,0.276270630313445,0.0612089081419704,1,""
"Loglin","3-way",200,"stats",522.879942,5.5145,94.8191027291686,TRUE,22.0962726303134,0.839091387579506,1,""
"Loglin","default",500,"stats",139.207463,5.6175,24.7810348019582,TRUE,1.17818563031345,0.217558694719335,1,""
"Loglin","default",1000,"stats",145.194004,5.526,26.2747021353601,TRUE,1.40608263031344,0.249156069794587,1,""
"Mahalanobis","distances",100,"stats",111.387577,10.1645,10.9584905307689,TRUE,1.10663928989687,0.293563424637409,3,""
"Mahalanobis","default",500,"stats",161.70647,42.9335,3.76644042530891,NA,NA,NA,0,"no common output keys"
"Mahalanobis","distances",1000,"stats",184.388075,84.0705,2.19325536305839,TRUE,3.31436624825903,0.534101745977924,3,""
"MANOVA","one-way",50,"stats",894.165074,18.721,47.7626768869184,NA,NA,NA,0,"no outputs to compare"
"MANOVA","one_way",100,"stats",1067.407022,25.757,41.4414342508833,NA,NA,NA,0,"no outputs to compare"
"MANOVA","one-way",200,"stats",739.444571,38.4975,19.2075997402429,NA,NA,NA,0,"no outputs to compare"
"MANOVA","one_way",500,"stats",1640.007016,81.6165,20.0940620585298,NA,NA,NA,0,"no outputs to compare"
"MANOVA","one-way",1000,"stats",853.813544,149.505,5.71093638339855,NA,NA,NA,0,"no outputs to compare"
"Mantel_Haenszel","CMH",50,"stats",335.809949,0.435,771.976894252874,TRUE,2.2394710090002,1.11197447862653,2,""
"Mantel_Haenszel","stratified",100,"stats",137.850002,0.492,280.182930894309,TRUE,1.66083196412421,1.45751362099888,2,""
"Mantel_Haenszel","CMH",200,"stats",444.648089,1.457,305.180568977351,TRUE,18.1388275702426,16432.5009384067,2,""
"Mantel_Haenszel","stratified",500,"stats",219.397538,3.4165,64.2170460998097,TRUE,85.831496726833,0.836040564246074,2,""
"Mantel_Haenszel","stratified",1000,"stats",220.745453,6.5825,33.535199848082,TRUE,102.177537337843,0.728044817930565,2,""
"McNemar","test",50,"stats",70.259033,0.116,605.681318965517,TRUE,0.0662528260869566,0.0869568070651283,2,""
"McNemar","paired",100,"stats",46.013622,0.125,368.108976,TRUE,0.111179090909091,0.0721726041528579,2,""
"McNemar","test",200,"stats",70.256589,0.205,342.715068292683,TRUE,0.104819952380953,0.0634688324462243,2,""
"McNemar","paired",500,"stats",45.796682,0.143,320.256517482517,TRUE,11.6592628431373,105.661904419206,2,""
"McNemar","test",1000,"stats",72.05049,0.123,585.776341463415,TRUE,0.120696009900993,0.06466260403457,2,""
"Median_Polish","default",25,"stats",544.909562,4.019,135.583369494899,TRUE,1.65272226891614,4.08818474110279,1,""
"Median_Polish","iterative",50,"stats",671.577,5.784,116.109439834025,TRUE,0.311073803917306,0.119509827799653,1,""
"Median_Polish","default",100,"stats",1275.035436,12.338,103.342149132761,TRUE,3.52867199033245,75.7241998826682,1,""
"Median_Polish","iterative",200,"stats",1483.346918,24.493,60.5620756134406,TRUE,0.0220998717264749,0.00417737496514421,1,""
"Median_Polish","default",400,"stats",2151.807596,34.4425,62.4753602671119,TRUE,7.67215151992415,332.905993227638,1,""
"Mood","test",50,"stats",167.982071,2.946,57.0203906992532,TRUE,42086.851972,119574.431977544,2,""
"Mood","two_sample",100,"stats",60.781487,6.1415,9.89684718716926,TRUE,342892.106655,309845.531493555,2,""
"Mood","test",200,"stats",227.121112,11.965,18.982123861262,TRUE,2614695.536399,5639969.57814802,2,""
"Mood","two_sample",500,"stats",299.381034,31.513,9.50023907593691,TRUE,40696937.905546,8296107.69230296,2,""
"Mood","test",1000,"stats",412.160414,91.2665,4.51600986123057,TRUE,326961204.300411,1088379600.94807,2,""
"Oneway","Welch",50,"stats",1236.293057,1.175,1052.16430382979,TRUE,5.67546552217868,3.73835968447452,2,""
"Oneway","welch",100,"stats",484.49554,1.521,318.537501643656,TRUE,16.0665356028501,1.84586003949064,2,""
"Oneway","Welch",200,"stats",1348.852471,2.415,558.53104389234,TRUE,17.1685817605451,0.538152060123324,2,""
"Oneway","welch",500,"stats",546.42855,4.6355,117.879096106137,TRUE,57.4745245349576,1.18415279826238,2,""
"Oneway","Welch",1000,"stats",1766.767527,8.6145,205.092289395786,TRUE,17.3727705192552,0.0833981991485494,2,""
"P_Adjust","bonferroni",10,"stats",49.546012,0.132,375.348575757576,TRUE,0.144967194286961,0.144967194286961,3,""
"P_Adjust","BH",50,"stats",43.904467,0.897,48.9458940914158,TRUE,0.0244529239412307,0.0247275981009359,3,""
"P_Adjust","bonferroni",100,"stats",52.389572,2.473,21.1846227254347,TRUE,0.0428687877695938,0.0428687877695938,3,""
"P_Adjust","BH",200,"stats",77.920908,3.5165,22.1586543438078,TRUE,0.0276896336531235,0.0280795747070807,3,""
"P_Adjust","BH",1000,"stats",131.100998,20.641,6.35148481178238,TRUE,0.0243858191467078,0.0246319912674345,3,""
"PACF","durbin_levinson",100,"stats",484.547112,6.222,77.8764243008679,TRUE,0.00356821246382832,0.00421798953346982,2,""
"PACF","durbin_levinson",500,"stats",523.382972,42.214,12.3983269057659,TRUE,0.00048858540830532,0.000527018211369436,2,""
"PACF","durbin_levinson",1000,"stats",560.139946,84.0165,6.66702309665363,TRUE,2.54538811137461e-05,2.62746214644306e-05,2,""
"Pairwise_t","Holm",100,"stats",414.301059,25.546,16.2178446332107,TRUE,0.0970277697124171,0.999997919777,3,""
"Pairwise_t","Holm",500,"stats",380.872458,47.664,7.99077832326284,TRUE,1.58518480095913e-08,0.999999243596104,3,""
"Pairwise_t","bonferroni",1000,"stats",1101.294532,83.039,13.2623770999169,TRUE,1.926677e-06,1,3,""
"Pairwise_Wilcox","Holm",100,"stats",376.610027,21.059,17.8835665036327,TRUE,0.153232476352037,0.999933055854929,3,""
"Pairwise_Wilcox","Holm",500,"stats",2514.024498,66.0915,38.0385450171353,TRUE,1.89804301492123e-06,0.999998954145572,3,""
"Pairwise_Wilcox","bonferroni",1000,"stats",9839.195583,144.3635,68.1557012887607,TRUE,7.599104e-07,1,3,""
"Phillips_Perron","short_lag",100,"stats",2266.019001,1.4875,1523.37411831933,TRUE,640.444975566606,18.5235466527796,2,""
"Phillips_Perron","short_lag",200,"stats",1909.310056,3.158,604.59469791007,TRUE,1886.527315783,26.8017500171691,2,""
"Phillips_Perron","short_lag",500,"stats",2021.861554,8.454,239.160344688905,TRUE,6684.61214503162,42.0418015795076,2,""
"Poisson_Test","exact",50,"stats",31.815551,14.579,2.18228623362371,TRUE,0,0,2,""
"Poisson_Test","default",100,"stats",60.72456,18.8135,3.22771201530816,TRUE,94.84,18.3798449612403,2,""
"Poisson_Test","exact",200,"stats",37.355465,21.8975,1.70592373558625,TRUE,0,0,2,""
"Poisson_Test","default",500,"stats",115.704082,25.2905,4.57500175955398,TRUE,495.082,100.667344448963,2,""
"Poisson_Test","exact",1000,"stats",31.448086,31.9705,0.983659498600272,TRUE,0,0,2,""
"Power_Analysis","t-test",50,"stats",25.151065,4.317,5.82605165624276,TRUE,0.000908368149433958,0.00130346174130164,1,""
"Power_Analysis","t_test",100,"stats",51.060924,4.863,10.4998815545959,TRUE,0.000607430839824064,0.000645909613211938,1,""
"Power_Analysis","t-test",200,"stats",25.171437,5.076,4.95891193853428,TRUE,2.4558522823126e-05,2.45887916256171e-05,1,""
"Power_Analysis","t-test",1000,"stats",25.205954,5.41,4.65914121996303,TRUE,0,0,1,""
"Prop_Test","one-sample",50,"stats",47.749025,0.575,83.0417826086957,TRUE,2.40540872220585e-07,3.58282016435848e-07,2,""
"Prop_Test","one_sample",100,"stats",65.389904,0.6,108.983173333333,TRUE,0.320000000000002,0.653061224489799,2,""
"Prop_Test","one-sample",200,"stats",45.112567,0.626,72.064803514377,TRUE,1.9272672177606e-07,1.07603036014974e-06,2,""
"Prop_Test","one_sample",500,"stats",69.015543,0.8075,85.4681647058823,TRUE,26.448,1253119.22169259,2,""
"Prop_Test","one-sample",1000,"stats",45.19854,0.688,65.6955523255814,TRUE,1.69987471955067e-07,9.74698807081806e-05,2,""
"Prop_Trend","default",100,"stats",1321.58451,0.207,6384.46623188406,NA,NA,NA,0,"no outputs to compare"
"Prop_Trend","test",200,"stats",1007.142535,0.51,1974.78928431373,TRUE,3.05542016524251e-07,0.000183839961807612,2,""
"Prop_Trend","default",500,"stats",1295.206021,0.696,1860.92819109195,TRUE,5.9909025974026,28.4641277220438,2,""
"Prop_Trend","default",1000,"stats",1501.491468,0.4685,3204.89107363927,TRUE,79.0278305877158,0.977651780835057,2,""
"Quade","test",30,"stats",1430.897624,5.9765,239.420668284113,TRUE,5.44692369777172,0.981285467367163,2,""
"Quade","test",100,"stats",2695.697942,22.916,117.633877727352,TRUE,7.2060331504948,0.270671884100335,2,""
"Quade","default",200,"stats",19294.442027,45.643,422.725106303267,TRUE,28.2128990436239,0.695900659661918,2,""
"RESET","test",100,"stats",3360.003931,23.6175,142.26755291627,TRUE,3.01324806106784e-07,4.39954454820827e-06,2,""
"RESET","test",1000,"stats",7269.250578,152.7185,47.599017656669,TRUE,1.64903377813941e-07,7.05909906568127e-07,2,""
"RESET","test",10000,"stats",11349.401553,1852.9715,6.12497361832063,TRUE,2.78946426679472e-07,6.14454631057003e-07,2,""
"Robust_Stats","fivenum+iqr",100,"stats",113.332062,5.2945,21.405621305128,TRUE,0.324129750628515,0.816153754764694,6,""
"Robust_Stats","default",500,"stats",124.347571,31.2935,3.97359103328167,TRUE,3.39291315986448,2.61759671767072,1,""
"Robust_Stats","fivenum+iqr",1000,"stats",196.906098,66.076,2.97999421877838,TRUE,0.345059408853392,1.19499683679207,6,""
"Shapiro_Wilk","test",50,"stats",46.846631,1.065,43.9874469483568,TRUE,0.0180330393227236,0.999871774324866,2,""
"Shapiro_Wilk","test",200,"stats",55.556069,3.7665,14.7500515067038,TRUE,0.024839591463569,0.999999999999995,2,""
"Shapiro_Wilk","test",1000,"stats",136.852555,21.989,6.22368252307972,TRUE,0.0189572259700415,0.0199297373642024,2,""
"Spline","natural",100,"stats",24.827081,35.975,0.690120389159138,TRUE,0.0465817615386657,0.561489875226501,2,""
"Spline","natural",500,"stats",57.522499,572.036,0.100557480648071,TRUE,0.0465817615386657,0.561489875226501,2,""
"Spline","natural",1000,"stats",101.322483,1978.484,0.0512121821556303,TRUE,0.0465817615386657,0.561489875226501,2,""
"t_test","one_sample",50,"stats",36.167447,2.43,14.8837230452675,TRUE,1.55819497206461,16.9672437921512,3,""
"t_test","one_sample",200,"stats",37.513033,3.322,11.2923037326911,TRUE,0.734500157754555,1.58812946919013,3,""
"t_test","one_sample",1000,"stats",45.325549,4.889,9.27092431990182,TRUE,0.827983486519737,2.23139977217573,3,""
"Tukey","HSD",100,"stats",2504.942531,1357.3065,1.84552459669205,TRUE,0.218632692127284,0.999997953774975,3,""
"Tukey","HSD",500,"stats",2789.627935,771.3535,3.61653630274576,TRUE,4.75057997876219e-08,0.99749438558219,3,""
"Tukey","hsd",1000,"stats",4517.147958,998.666,4.52318188263143,TRUE,1.920437e-06,1,3,""
"Var_Test","F-test",50,"stats",170.264044,2.223,76.5920125955915,TRUE,0.03169042503326,0.0492642715751919,2,""
"Var_Test","f_test",100,"stats",60.065475,2.583,23.2541521486643,TRUE,0.451180945580808,1.64005494141471,2,""
"Var_Test","F-test",200,"stats",171.745545,3.079,55.779650860669,TRUE,0.00808398047251224,0.00811755467866319,2,""
"Var_Test","f_test",500,"stats",64.670574,4.4365,14.5769354220669,TRUE,0.482411464829894,940325320.548523,2,""
"Var_Test","F-test",1000,"stats",165.79614,6.5075,25.4777011140991,TRUE,0.36909000402053,0.602087713751054,2,""
"VIF","diagnostics",100,"stats",3365.170036,660.0595,5.0982828608633,TRUE,4.97857128189949e-07,4.86410906732715e-07,5,""
"VIF","diagnostics",1000,"stats",5181.78707,9087.829,0.570189763693837,TRUE,3.19351686428604e-07,3.18316838387008e-07,5,""
"VIF","diagnostics",10000,"stats",7141.680457,67782.8745,0.105361133024832,TRUE,4.76613660316261e-07,4.76537890791625e-07,5,""
"Weighted","mean",100,"stats",7.260416,0.6985,10.39429634932,TRUE,0.242550641061033,1.24997109464832,1,""
"Weighted","mean",500,"stats",17.818471,3.138,5.67828903760357,TRUE,5.0072120953918,1.00780205315459,1,""
"Weighted","mean",1000,"stats",15.452038,5.771,2.677532143476,TRUE,0.132207147090532,1.1192234185308,1,""
"Wilcoxon","signed_rank",50,"stats",175.314082,1.512,115.948466931217,TRUE,156,15.519302705252,2,""
"Wilcoxon","signed_rank",200,"stats",380.078505,5.021,75.6977703644692,TRUE,543,1.34873719002182,2,""
"Wilcoxon","signed_rank",1000,"stats",1721.50298,27.8105,61.9011876809119,TRUE,7759,2.29206859890852,2,""
"AFT","Weibull",100,"survival",9466.421965,23.7715,398.225688955261,NA,NA,NA,0,"no outputs to compare"
"AFT","weibull",200,"survival",4538.599052,1742.0485,2.60532301597803,TRUE,3.48672551596817,0.426439998618596,4,""
"AFT","Weibull",500,"survival",12497.538992,4360.202,2.86627523036777,TRUE,7.39709670738091,0.356517137101237,4,""
"AFT","Weibull",1000,"survival",7160.213136,4539.3035,1.57738144981934,TRUE,27.1855745748611,3.89125241591727,4,""
"CoxPH","efron",100,"survival",3163.742949,6.1875,511.311991757576,NA,NA,NA,0,"no outputs to compare"
"CoxPH","efron",500,"survival",6102.324463,328.8885,18.5543868605926,TRUE,4.83435750320282e-07,1.17220247817269e-06,5,""
"CoxPH","efron",1000,"survival",6704.572064,354.206,18.9284542441404,TRUE,4.04430658074162e-07,7.27325246693046e-07,5,""
"KM","unstratified",100,"survival",2269.317978,14.931,151.987005424955,TRUE,0,0,1,""
"KM","unstratified",500,"survival",2747.982508,291.863,9.41531646011999,TRUE,0,0,1,""
"KM","unstratified",1000,"survival",2431.854547,221.5095,10.9785564366314,TRUE,0,0,1,""
"LogRank","test",100,"survival",1646.313933,22.8655,71.9999096018018,TRUE,0,0,2,""
"LogRank","test",500,"survival",3791.292023,196.4365,19.3003439941151,TRUE,0.0255499392532512,0.0174813896252374,2,""
"LogRank","test",1000,"survival",3897.42502,249.2,15.6397472712681,TRUE,6.28860713999257e-05,0.000170004166970595,2,""
"AR","yule_walker",100,"timeseries",333.260512,2.6425,126.115614758751,TRUE,4.92619834424612e-07,5.40376854828853e-06,5,""
"AR","yule_walker",200,"timeseries",354.012998,5.31,66.6691145009416,TRUE,4.23589984421824e-07,4.86326778481496e-05,6,""
"AR","yule_walker",500,"timeseries",384.806539,12.6835,30.3391444790476,TRUE,3.90642898362437e-07,4.16921315821877e-06,6,""
"ARIMA","(1,1,1)",100,"timeseries",3037.812945,107.6775,28.2121422302709,TRUE,2.96721369740155,0.042622546005827,4,""
"ARIMA","(1,1,1)",200,"timeseries",4487.739468,120.7715,37.1589279589969,TRUE,3.18860128224077,0.0172914386961018,4,""
"ARIMA","(1,1,1)",500,"timeseries",8945.462527,290.5005,30.7932775571815,TRUE,3.03190671511322,0.00744297505871978,4,""
"Decompose","additive",100,"timeseries",1427.653129,1.305,1093.98707203065,TRUE,0,0,1,""
"Decompose","additive",200,"timeseries",1575.300586,2.567,613.673777171796,TRUE,0,0,1,""
"Decompose","additive",500,"timeseries",1972.564554,5.6485,349.219182791892,TRUE,0,0,1,""
"Granger","lags=4",100,"timeseries",8874.462044,13.7775,644.127167047723,TRUE,4.70560052701074e-07,3.63521227317451e-07,2,""
"Granger","lags=4",200,"timeseries",16619.194997,0.353,47079.8725127479,NA,NA,NA,0,"no outputs to compare"
"Granger","lags=4",500,"timeseries",19362.995517,38.8915,497.872170448556,TRUE,4.92465548533e-07,0.00435810219940708,2,""
"Holt_Winters","additive",100,"timeseries",7138.410525,156.171,45.7089377989512,TRUE,0.01,0.656726308813784,3,""
"Holt_Winters","additive",200,"timeseries",7476.262515,316.58,23.6157132952176,TRUE,0.01,0.0650761529449356,3,""
"Holt_Winters","additive",500,"timeseries",9620.750498,1077.502,8.92875419071148,TRUE,0.007829,0.657824933687003,3,""
"Kalman","local_level",100,"timeseries",1300.396107,175.6415,7.40369506637099,NA,NA,NA,0,"no outputs to compare"
"Kalman","local_level",200,"timeseries",1639.47203,273.4275,5.99600270638469,NA,NA,NA,0,"no outputs to compare"
"Kalman","local_level",500,"timeseries",2660.439059,900.7645,2.95353453538633,NA,NA,NA,0,"no outputs to compare"
"MSTL","period=12",100,"timeseries",1708.40905,35.335,48.3489189189189,TRUE,0,0,1,""
"MSTL","period=12",200,"timeseries",2456.316492,66.365,37.0122277103895,TRUE,0,0,1,""
"MSTL","period=12",500,"timeseries",4305.176029,157.116,27.4012578540696,TRUE,0,0,1,""
"STL","period=12",100,"timeseries",323.293498,37.693,8.5770168996896,TRUE,0,0,1,""
"STL","period=12",200,"timeseries",445.204496,76.554,5.81556151213522,TRUE,0,0,1,""
"STL","period=12",500,"timeseries",681.768055,181.726,3.75162637707318,TRUE,0,0,1,""
"StructTS","trend",100,"timeseries",2682.218445,31096.574,0.0862544679359212,TRUE,0.00778814673671652,0.0273728362290183,3,""
"StructTS","trend",200,"timeseries",3138.394095,36838.385,0.0851935853051104,TRUE,0.00396624448618482,0.0154578792371497,3,""
"StructTS","trend",500,"timeseries",7340.82394,114189.337,0.0642864222952796,TRUE,0.00157846618274249,0.00590526746456198,3,""
"VAR","p=1",100,"timeseries",3638.256516,6.687,544.079036339166,TRUE,0.595496808194794,82.1828330381996,6,""
"VAR","p=1",200,"timeseries",2299.749467,0.53,4339.14993773585,NA,NA,NA,0,"no outputs to compare"
"VAR","p=1",500,"timeseries",2327.372611,19.891,117.006314966568,TRUE,0.603730078676515,48.6290840657684,6,""
"VECM","rank=1",200,"timeseries",1988.893549,0.506,3930.61966205534,NA,NA,NA,0,"no outputs to compare"
"VECM","rank=1",500,"timeseries",2548.265562,16.4375,155.027562707224,TRUE,0.528444,1,2,""
"CBPS","exact",200,"treatment",100478.187494,7601.675,13.2179009881375,TRUE,1,1,2,""
"CBPS","exact",500,"treatment",136264.74858,17159.0385,7.94128112597918,TRUE,1,1,2,""
"CBPS","exact",1000,"treatment",338527.946034,34375.6245,9.84790679319877,TRUE,1,1,2,""
"CTMLE","tmle_proxy",200,"treatment",10797635.598516,3279.7625,3292.20045613547,TRUE,1.533551,2.87423507780887,2,""
"CTMLE","tmle_proxy",500,"treatment",12054538.773955,8567.406,1407.02317293648,TRUE,0.494057,1.89228064756339,2,""
"CTMLE","tmle_proxy",1000,"treatment",3328363.763983,19175.4525,173.574196696688,TRUE,0.476947,2.06033977397854,2,""
"Doubly_Robust","AIPW",200,"treatment",8109.502553,65.3995,123.999457992798,TRUE,0.113527812821693,0.543421485602584,2,""
"Doubly_Robust","AIPW",500,"treatment",6770.48706,711.979,9.50939151295193,NA,NA,NA,0,"no outputs to compare"
"Doubly_Robust","AIPW",1000,"treatment",7899.228891,1266.8865,6.23515120809954,NA,NA,NA,0,"no outputs to compare"
"E_Value","RR",100,"treatment",4894.613463,0.04,122365.336575,NA,NA,NA,0,"no common output keys"
"E_Value","RR",500,"treatment",5062.998564,0.04,126574.9641,NA,NA,NA,0,"no common output keys"
"E_Value","RR",1000,"treatment",3945.064556,0.04,98626.6139,NA,NA,NA,0,"no common output keys"
"IPW","ATE",200,"treatment",612942.314474,40.448,15153.8349108485,TRUE,0.155177940984414,4.05566726737791,2,""
"IPW","ATE",500,"treatment",880276.887619,103.993,8464.77058666449,TRUE,0.0960054922074645,3.57815557405481,2,""
"IPW","ATE",1000,"treatment",1260951.751552,310.9995,4054.51375822791,TRUE,0.0696775357520154,3.42547248178631,2,""
"Matching","nearest",200,"treatment",8451.943053,213.02,39.6767582996902,TRUE,0,0,1,""
"Matching","nearest",500,"treatment",10202.417558,585.1985,17.4341143355631,TRUE,0,0,1,""
"Matching","nearest",1000,"treatment",15204.29895,1616.1645,9.40764318854919,TRUE,0,0,1,""
"TMLE","ATE",200,"treatment",10741971.562034,1148.4045,9353.82224820087,TRUE,0.466449,2.33749685284567,2,""
"TMLE","ATE",500,"treatment",11427084.012947,4258.6695,2683.25213143377,TRUE,0.494057,1.89228064756339,2,""
"TMLE","ATE",1000,"treatment",3055403.600447,7229.535,422.627956078365,TRUE,0.476947,2.08953113933619,2,""
"WeightIt","logistic",200,"treatment",8187.979052,38.4605,212.893203468494,TRUE,0,0,1,""
"WeightIt","logistic",500,"treatment",17379.641475,95.135,182.683990907658,TRUE,0,0,1,""
"WeightIt","logistic",1000,"treatment",16816.517455,180.2905,93.2745621926835,TRUE,0,0,1,""
